time;longitude;latitude;altitude;speed;bearing;accuracy
=60*60*16+60*28+18.817;8.305759;47.014734;500.0;0.0;0;23.0
=60*60*16+60*28+24.198;8.305782;47.014665;499.0;0.0;0;21.0
=60*60*16+60*28+25.194;8.305746;47.014619;490.0;0.0;0;14.0
=60*60*16+60*30+03.298;8.305622;47.014647;494.0;1.5;240.0;4.0
=60*60*16+60*30+04.243;8.305601;47.014642;494.0;1.5;249.0;4.0
=60*60*16+60*30+07.199;8.305515;47.014648;496.0;1.75;276.0;4.0
=60*60*16+60*30+08.205;8.305459;47.014648;497.0;3.75;268.0;4.0
=60*60*16+60*30+10.200;8.305359;47.014647;498.0;3.75;268.0;6.0
=60*60*16+60*30+11.197;8.305092;47.014626;498.0;8.0;263.0;7.0
=60*60*16+60*30+12.200;8.304985;47.01461;497.0;7.75;259.0;6.0
=60*60*16+60*30+13.193;8.304885;47.014592;498.0;7.5;256.0;6.0
=60*60*16+60*30+14.196;8.304788;47.014568;499.0;6.5;255.0;7.0
=60*60*16+60*30+15.194;8.304706;47.014554;499.0;6.5;255.0;8.0
=60*60*16+60*30+21.198;8.304632;47.014586;501.0;1.5;298.0;5.0
=60*60*16+60*30+22.203;8.304607;47.014628;501.0;2.75;339.0;4.0
=60*60*16+60*30+23.269;8.304586;47.014682;501.0;5.25;341.0;3.0
=60*60*16+60*30+24.201;8.304549;47.014753;501.0;7.5;340.0;3.9
=60*60*16+60*30+24.381;8.304549;47.014753;501.0;7.5;340.0;3.0
=60*60*16+60*30+25.203;8.304502;47.014837;501.0;10.0;338.0;3.9
=60*60*16+60*30+25.303;8.304502;47.014837;501.0;10.0;338.0;3.0
=60*60*16+60*30+26.211;8.304438;47.014936;500.0;11.75;336.0;3.9
=60*60*16+60*30+26.353;8.304438;47.014936;500.0;11.75;336.0;3.0
=60*60*16+60*30+27.193;8.304365;47.015057;499.0;13.25;337.0;3.9
=60*60*16+60*30+27.220;8.304365;47.015057;499.0;13.25;337.0;3.0
=60*60*16+60*30+28.203;8.304297;47.015189;499.0;14.75;338.0;3.9
=60*60*16+60*30+28.253;8.304297;47.015189;499.0;14.75;338.0;3.0
=60*60*16+60*30+29.193;8.30423;47.015319;498.0;15.0;339.0;3.9
=60*60*16+60*30+29.198;8.30423;47.015319;498.0;15.0;339.0;3.0
=60*60*16+60*30+30.193;8.304164;47.015449;498.0;14.75;340.0;4.0
=60*60*16+60*30+30.199;8.304164;47.015449;498.0;14.75;340.0;4.0
=60*60*16+60*30+31.193;8.304099;47.015572;498.0;14.75;340.0;5.0
=60*60*16+60*30+31.199;8.304099;47.015572;498.0;14.75;340.0;5.0
=60*60*16+60*30+32.197;8.304038;47.015681;499.0;13.75;341.0;6.0
=60*60*16+60*30+33.194;8.304007;47.015795;499.0;13.5;339.0;6.0
=60*60*16+60*30+33.198;8.304007;47.015795;499.0;13.5;339.0;6.0
=60*60*16+60*30+34.194;8.30394;47.015903;500.0;13.0;340.0;5.0
=60*60*16+60*30+34.197;8.30394;47.015903;500.0;13.0;340.0;5.0
=60*60*16+60*30+35.228;8.303874;47.015997;501.0;11.75;340.0;5.0
=60*60*16+60*30+35.254;8.303874;47.015997;501.0;11.75;340.0;5.0
=60*60*16+60*30+36.201;8.303834;47.016086;500.0;10.0;342.0;4.0
=60*60*16+60*30+37.364;8.303824;47.016161;501.0;8.75;348.0;4.0
=60*60*16+60*30+38.208;8.303815;47.016204;500.0;5.5;353.0;4.0
=60*60*16+60*30+43.248;8.303823;47.016271;499.0;4.0;15.0;3.0
=60*60*16+60*30+44.195;8.303844;47.016311;500.0;5.0;12.0;3.9
=60*60*16+60*30+45.254;8.303831;47.016358;499.0;5.25;352.0;3.0
=60*60*16+60*30+46.193;8.303783;47.016402;499.0;6.0;327.0;3.9
=60*60*16+60*30+47.345;8.303726;47.016448;498.0;6.75;322.0;4.0
=60*60*16+60*30+48.197;8.303673;47.016495;498.0;6.75;322.0;6.0
=60*60*16+60*30+48.230;8.303673;47.016495;498.0;6.75;322.0;6.0
=60*60*16+60*30+49.199;8.303657;47.01665;498.0;10.75;343.0;4.0
=60*60*16+60*30+49.356;8.303657;47.01665;498.0;10.75;343.0;4.0
=60*60*16+60*30+50.202;8.303613;47.016754;499.0;12.0;344.0;4.0
=60*60*16+60*30+50.251;8.303613;47.016754;499.0;12.0;344.0;4.0
=60*60*16+60*30+51.204;8.303588;47.01688;500.0;13.25;347.0;3.9
=60*60*16+60*30+51.253;8.303588;47.01688;500.0;13.25;347.0;3.0
=60*60*16+60*30+52.199;8.303552;47.016995;500.0;13.25;347.0;4.0
=60*60*16+60*30+52.340;8.303552;47.016995;500.0;13.25;347.0;4.0
=60*60*16+60*30+53.199;8.303505;47.017127;500.0;13.75;347.0;9.0
=60*60*16+60*30+53.283;8.303505;47.017127;500.0;13.75;347.0;9.0
=60*60*16+60*30+54.194;8.303458;47.017301;500.0;15.0;348.0;7.0
=60*60*16+60*30+54.199;8.303458;47.017301;500.0;15.0;348.0;7.0
=60*60*16+60*30+55.194;8.303431;47.017418;500.0;13.75;349.0;7.0
=60*60*16+60*30+55.198;8.303431;47.017418;500.0;13.75;349.0;7.0
=60*60*16+60*30+56.192;8.30338;47.017511;501.0;13.5;347.0;5.0
=60*60*16+60*30+56.199;8.30338;47.017511;501.0;13.5;347.0;5.0
=60*60*16+60*30+57.210;8.30335;47.017625;501.0;13.25;349.0;4.0
=60*60*16+60*30+57.264;8.30335;47.017625;501.0;13.25;349.0;4.0
=60*60*16+60*30+58.218;8.303322;47.017732;501.0;12.75;349.0;5.0
=60*60*16+60*30+58.273;8.303322;47.017732;501.0;12.75;349.0;5.0
=60*60*16+60*30+59.204;8.303297;47.017839;502.0;12.25;349.0;4.0
=60*60*16+60*30+59.295;8.303297;47.017839;502.0;12.25;349.0;4.0
=60*60*16+60*31+00.245;8.303271;47.017931;502.0;11.25;349.0;4.0
=60*60*16+60*31+01.248;8.30325;47.018018;500.0;10.5;352.0;3.0
=60*60*16+60*31+02.204;8.303249;47.018097;501.0;9.25;356.0;3.9
=60*60*16+60*31+03.249;8.303247;47.018157;502.0;7.5;2.0;3.0
=60*60*16+60*31+04.204;8.303259;47.018203;502.0;5.5;8.0;3.9
=60*60*16+60*31+06.248;8.30329;47.018281;501.0;5.25;19.0;3.0
=60*60*16+60*31+07.200;8.303298;47.018329;501.0;5.5;5.0;3.9
=60*60*16+60*31+08.241;8.303262;47.018378;501.0;5.5;324.0;3.0
=60*60*16+60*31+09.200;8.303202;47.018411;500.0;6.0;307.0;4.0
=60*60*16+60*31+10.240;8.303121;47.018402;500.0;5.75;269.0;3.0
=60*60*16+60*31+11.193;8.303045;47.018374;501.0;6.5;248.0;3.9
=60*60*16+60*31+12.203;8.302943;47.018355;501.0;8.0;251.0;3.0
=60*60*16+60*31+13.194;8.302816;47.018346;500.0;10.5;260.0;3.9
=60*60*16+60*31+13.198;8.302816;47.018346;500.0;10.5;260.0;3.0
=60*60*16+60*31+14.194;8.302662;47.01833;500.0;12.25;261.0;3.9
=60*60*16+60*31+14.200;8.302662;47.01833;500.0;12.25;261.0;3.0
=60*60*16+60*31+15.200;8.302496;47.018301;500.0;13.5;257.0;3.9
=60*60*16+60*31+15.251;8.302496;47.018301;500.0;13.5;257.0;3.0
=60*60*16+60*31+16.253;8.30232;47.018268;501.0;14.25;252.0;3.9
=60*60*16+60*31+16.300;8.30232;47.018268;501.0;14.25;252.0;3.0
=60*60*16+60*31+17.195;8.302144;47.01823;501.0;15.25;251.0;3.9
=60*60*16+60*31+17.248;8.302144;47.01823;501.0;15.25;251.0;3.0
=60*60*16+60*31+18.193;8.301951;47.018186;501.0;15.25;251.0;4.0
=60*60*16+60*31+18.200;8.301951;47.018186;501.0;15.25;251.0;4.0
=60*60*16+60*31+19.196;8.301729;47.018156;500.0;17.0;257.0;3.9
=60*60*16+60*31+19.218;8.301729;47.018156;500.0;17.0;257.0;3.0
=60*60*16+60*31+20.198;8.301513;47.018123;501.0;17.0;257.0;4.0
=60*60*16+60*31+20.252;8.301513;47.018123;501.0;17.0;257.0;4.0
=60*60*16+60*31+21.198;8.301296;47.018091;501.0;17.0;257.0;6.0
=60*60*16+60*31+21.310;8.301296;47.018091;501.0;17.0;257.0;6.0
=60*60*16+60*31+22.201;8.301001;47.018119;501.0;18.5;270.0;4.0
=60*60*16+60*31+22.251;8.301001;47.018119;501.0;18.5;270.0;4.0
=60*60*16+60*31+23.192;8.300751;47.018121;502.0;18.5;270.0;4.0
=60*60*16+60*31+23.198;8.300751;47.018121;502.0;18.5;270.0;4.0
=60*60*16+60*31+24.192;8.30051;47.018123;503.0;18.5;270.0;5.0
=60*60*16+60*31+24.197;8.30051;47.018123;503.0;18.5;270.0;5.0
=60*60*16+60*31+25.198;8.3003;47.01814;504.0;17.0;278.0;5.0
=60*60*16+60*31+26.273;8.300075;47.018156;506.0;17.0;279.0;5.0
=60*60*16+60*31+27.209;8.299865;47.018174;507.0;16.5;279.0;4.0
=60*60*16+60*31+27.263;8.299865;47.018174;507.0;16.5;279.0;4.0
=60*60*16+60*31+28.213;8.299654;47.018194;508.0;16.0;278.0;4.0
=60*60*16+60*31+28.323;8.299654;47.018194;508.0;16.0;278.0;4.0
=60*60*16+60*31+29.204;8.299465;47.018218;509.0;15.0;278.0;4.0
=60*60*16+60*31+29.258;8.299465;47.018218;509.0;15.0;278.0;4.0
=60*60*16+60*31+30.199;8.299302;47.018233;510.0;14.0;280.0;4.0
=60*60*16+60*31+30.260;8.299302;47.018233;510.0;14.0;280.0;4.0
=60*60*16+60*31+31.201;8.299134;47.018261;510.0;12.75;284.0;5.0
=60*60*16+60*31+31.254;8.299134;47.018261;510.0;12.75;284.0;5.0
=60*60*16+60*31+32.200;8.298988;47.018307;510.0;12.25;292.0;4.0
=60*60*16+60*31+32.273;8.298988;47.018307;510.0;12.25;292.0;4.0
=60*60*16+60*31+33.214;8.298843;47.018356;510.0;12.0;296.0;4.0
=60*60*16+60*31+33.248;8.298843;47.018356;510.0;12.0;296.0;4.0
=60*60*16+60*31+34.199;8.298707;47.018393;511.0;11.5;292.0;4.0
=60*60*16+60*31+34.381;8.298707;47.018393;511.0;11.5;292.0;4.0
=60*60*16+60*31+35.201;8.298574;47.018425;511.0;10.75;288.0;4.0
=60*60*16+60*31+36.250;8.298466;47.018451;505.0;9.5;285.0;3.0
=60*60*16+60*31+37.202;8.298376;47.018472;507.0;7.75;286.0;3.9
=60*60*16+60*31+41.202;8.298262;47.0185;510.0;0.75;291.0;4.0
=60*60*16+60*31+42.199;8.298226;47.018517;510.0;3.25;297.0;4.0
=60*60*16+60*31+44.241;8.298151;47.018543;510.0;3.25;297.0;7.0
=60*60*16+60*31+45.199;8.29803;47.018604;508.0;7.0;310.0;6.0
=60*60*16+60*31+46.342;8.297969;47.018654;508.0;6.75;305.0;5.0
=60*60*16+60*31+47.200;8.297892;47.018669;507.0;6.5;290.0;4.0
=60*60*16+60*31+48.337;8.2978;47.018676;506.0;6.75;277.0;4.0
=60*60*16+60*31+49.206;8.297715;47.018657;506.0;6.75;259.0;3.9
=60*60*16+60*31+50.242;8.297635;47.018623;506.0;6.75;240.0;3.0
=60*60*16+60*31+51.200;8.297573;47.018578;506.0;7.0;225.0;3.9
=60*60*16+60*31+52.242;8.297516;47.018517;507.0;7.75;211.0;3.0
=60*60*16+60*31+53.199;8.297468;47.01844;507.0;9.25;202.0;3.9
=60*60*16+60*31+53.275;8.297468;47.01844;507.0;9.25;202.0;3.0
=60*60*16+60*31+54.200;8.297413;47.018351;507.0;10.75;203.0;3.9
=60*60*16+60*31+54.605;8.297413;47.018351;507.0;10.75;203.0;3.0
=60*60*16+60*31+55.329;8.297324;47.018259;507.0;12.5;211.0;3.9
=60*60*16+60*31+55.341;8.297324;47.018259;507.0;12.5;211.0;3.0
=60*60*16+60*31+56.196;8.297223;47.018156;507.0;13.75;213.0;3.9
=60*60*16+60*31+56.210;8.297223;47.018156;507.0;13.75;213.0;3.0
=60*60*16+60*31+57.198;8.297142;47.018048;508.0;13.75;207.0;3.9
=60*60*16+60*31+57.268;8.297142;47.018048;508.0;13.75;207.0;3.0
=60*60*16+60*31+58.201;8.297106;47.017924;508.0;13.25;189.0;3.9
=60*60*16+60*31+58.253;8.297106;47.017924;508.0;13.25;189.0;3.0
=60*60*16+60*31+59.304;8.297079;47.017808;508.0;13.25;189.0;4.0
=60*60*16+60*31+59.434;8.297079;47.017808;508.0;13.25;189.0;4.0
=60*60*16+60*32+00.213;8.297052;47.017692;508.0;13.25;189.0;5.0
=60*60*16+60*32+00.220;8.297052;47.017692;508.0;13.25;189.0;5.0
=60*60*16+60*32+01.210;8.297238;47.01757;509.0;14.5;149.0;4.0
=60*60*16+60*32+02.213;8.297366;47.017463;508.0;15.5;142.0;3.9
=60*60*16+60*32+02.269;8.297366;47.017463;508.0;15.5;142.0;3.0
=60*60*16+60*32+03.193;8.297526;47.017343;507.0;17.0;138.0;3.9
=60*60*16+60*32+03.198;8.297526;47.017343;507.0;17.0;138.0;3.0
=60*60*16+60*32+04.193;8.297685;47.017216;506.0;18.5;137.0;3.9
=60*60*16+60*32+04.199;8.297685;47.017216;506.0;18.5;137.0;3.0
=60*60*16+60*32+05.194;8.297859;47.017093;504.0;19.75;136.0;3.9
=60*60*16+60*32+05.356;8.297859;47.017093;504.0;19.75;136.0;3.0
=60*60*16+60*32+06.269;8.29806;47.016968;503.0;20.5;133.0;4.0
=60*60*16+60*32+06.385;8.29806;47.016968;503.0;20.5;133.0;4.0
=60*60*16+60*32+07.211;8.298277;47.016852;501.0;21.5;131.0;3.9
=60*60*16+60*32+07.257;8.298277;47.016852;501.0;21.5;131.0;3.0
=60*60*16+60*32+08.207;8.29851;47.016738;502.0;21.75;126.0;3.9
=60*60*16+60*32+08.263;8.29851;47.016738;502.0;21.75;126.0;3.0
=60*60*16+60*32+09.193;8.298745;47.016627;502.0;22.5;126.0;3.9
=60*60*16+60*32+09.198;8.298745;47.016627;502.0;22.5;126.0;3.0
=60*60*16+60*32+10.224;8.298986;47.016504;502.0;22.75;127.0;3.9
=60*60*16+60*32+10.297;8.298986;47.016504;502.0;22.75;127.0;3.0
=60*60*16+60*32+11.268;8.299235;47.016376;502.0;23.25;125.0;3.9
=60*60*16+60*32+11.435;8.299235;47.016376;502.0;23.25;125.0;3.0
=60*60*16+60*32+12.212;8.299498;47.01626;502.0;23.5;123.0;3.9
=60*60*16+60*32+12.296;8.299498;47.01626;502.0;23.5;123.0;3.0
=60*60*16+60*32+13.192;8.299756;47.016149;503.0;23.75;122.0;3.9
=60*60*16+60*32+13.197;8.299756;47.016149;503.0;23.75;122.0;3.0
=60*60*16+60*32+14.191;8.300027;47.016032;503.0;23.75;122.0;4.0
=60*60*16+60*32+14.196;8.300027;47.016032;503.0;23.75;122.0;4.0
=60*60*16+60*32+15.196;8.30031;47.015909;503.0;24.0;123.0;7.0
=60*60*16+60*32+16.192;8.300565;47.015815;503.0;23.5;122.0;9.0
=60*60*16+60*32+16.196;8.300565;47.015815;503.0;23.5;122.0;9.0
=60*60*16+60*32+17.193;8.30082;47.015627;504.0;25.0;129.0;7.0
=60*60*16+60*32+17.197;8.30082;47.015627;504.0;25.0;129.0;7.0
=60*60*16+60*32+18.192;8.301076;47.015484;504.0;25.0;129.0;9.0
=60*60*16+60*32+18.197;8.301076;47.015484;504.0;25.0;129.0;9.0
=60*60*16+60*32+19.198;8.301333;47.015345;504.0;25.0;128.0;12.0
=60*60*16+60*32+19.267;8.301333;47.015345;504.0;25.0;128.0;12.0
=60*60*16+60*33+20.290;8.308813;47.002823;499.0;17.75;163.0;19.0
=60*60*16+60*33+21.203;8.309011;47.002752;498.0;17.0;136.0;8.0
=60*60*16+60*33+21.252;8.309011;47.002752;498.0;17.0;136.0;8.0
=60*60*16+60*33+22.190;8.309168;47.002634;497.0;17.0;136.0;6.0
=60*60*16+60*33+22.196;8.309168;47.002634;497.0;17.0;136.0;6.0
=60*60*16+60*33+23.192;8.309318;47.002517;497.0;17.25;139.0;5.0
=60*60*16+60*33+23.196;8.309318;47.002517;497.0;17.25;139.0;5.0
=60*60*16+60*33+24.200;8.309469;47.002393;495.0;17.5;139.0;5.0
=60*60*16+60*33+24.207;8.309469;47.002393;495.0;17.5;139.0;5.0
=60*60*16+60*33+25.201;8.309615;47.002264;494.0;18.0;140.0;4.0
=60*60*16+60*33+25.206;8.309615;47.002264;494.0;18.0;140.0;4.0
=60*60*16+60*33+26.202;8.309777;47.002142;495.0;18.25;140.0;4.0
=60*60*16+60*33+26.209;8.309777;47.002142;495.0;18.25;140.0;4.0
=60*60*16+60*33+27.201;8.309925;47.002008;494.0;19.0;142.0;4.0
=60*60*16+60*33+27.206;8.309925;47.002008;494.0;19.0;142.0;4.0
=60*60*16+60*33+28.202;8.310082;47.001864;493.0;19.25;142.0;4.0
=60*60*16+60*33+28.207;8.310082;47.001864;493.0;19.25;142.0;4.0
=60*60*16+60*33+29.205;8.31023;47.001725;494.0;19.25;143.0;4.0
=60*60*16+60*33+29.211;8.31023;47.001725;494.0;19.25;143.0;4.0
=60*60*16+60*33+30.193;8.310367;47.001586;495.0;19.0;145.0;3.9
=60*60*16+60*33+30.199;8.310367;47.001586;495.0;19.0;145.0;3.0
=60*60*16+60*33+31.200;8.310506;47.001445;494.0;19.25;147.0;4.0
=60*60*16+60*33+31.205;8.310506;47.001445;494.0;19.25;147.0;4.0
=60*60*16+60*33+32.219;8.310619;47.001286;493.0;19.0;149.0;3.9
=60*60*16+60*33+32.267;8.310619;47.001286;493.0;19.0;149.0;3.0
=60*60*16+60*33+33.222;8.31073;47.001132;492.0;18.5;151.0;3.9
=60*60*16+60*33+33.266;8.31073;47.001132;492.0;18.5;151.0;3.0
=60*60*16+60*33+34.217;8.310828;47.000978;491.0;18.25;153.0;3.9
=60*60*16+60*33+34.363;8.310828;47.000978;491.0;18.25;153.0;3.0
=60*60*16+60*33+35.202;8.310916;47.000834;490.0;17.75;156.0;3.9
=60*60*16+60*33+35.273;8.310916;47.000834;490.0;17.75;156.0;3.0
=60*60*16+60*33+36.192;8.310994;47.000686;491.0;17.75;159.0;3.9
=60*60*16+60*33+36.197;8.310994;47.000686;491.0;17.75;159.0;3.0
=60*60*16+60*33+37.192;8.311064;47.000536;491.0;17.75;162.0;3.9
=60*60*16+60*33+37.197;8.311064;47.000536;491.0;17.75;162.0;3.0
=60*60*16+60*33+38.192;8.311127;47.000387;492.0;17.75;167.0;3.9
=60*60*16+60*33+38.197;8.311127;47.000387;492.0;17.75;167.0;3.0
=60*60*16+60*33+39.192;8.311163;47.000225;492.0;18.25;170.0;3.9
=60*60*16+60*33+39.196;8.311163;47.000225;492.0;18.25;170.0;3.0
=60*60*16+60*33+40.191;8.311197;47.000058;492.0;18.75;172.0;3.9
=60*60*16+60*33+40.196;8.311197;47.000058;492.0;18.75;172.0;3.0
=60*60*16+60*33+41.191;8.31122;46.999887;492.0;19.0;174.0;3.9
=60*60*16+60*33+41.196;8.31122;46.999887;492.0;19.0;174.0;3.0
=60*60*16+60*33+42.192;8.31124;46.999709;493.0;19.25;176.0;3.9
=60*60*16+60*33+42.198;8.31124;46.999709;493.0;19.25;176.0;3.0
=60*60*16+60*33+43.202;8.311245;46.999546;494.0;19.0;179.0;3.9
=60*60*16+60*33+43.254;8.311245;46.999546;494.0;19.0;179.0;3.0
=60*60*16+60*33+44.191;8.311235;46.99938;494.0;18.5;182.0;3.9
=60*60*16+60*33+44.195;8.311235;46.99938;494.0;18.5;182.0;3.0
=60*60*16+60*33+45.268;8.311205;46.999223;494.0;17.75;187.0;3.9
=60*60*16+60*33+45.289;8.311205;46.999223;494.0;17.75;187.0;3.0
=60*60*16+60*33+46.217;8.311157;46.999076;495.0;17.0;190.0;3.9
=60*60*16+60*33+46.265;8.311157;46.999076;495.0;17.0;190.0;3.0
=60*60*16+60*33+47.204;8.311103;46.998936;495.0;16.25;192.0;3.9
=60*60*16+60*33+47.288;8.311103;46.998936;495.0;16.25;192.0;3.0
=60*60*16+60*33+48.212;8.311049;46.998802;495.0;15.5;193.0;3.9
=60*60*16+60*33+48.297;8.311049;46.998802;495.0;15.5;193.0;3.0
=60*60*16+60*33+49.204;8.311;46.998672;495.0;15.25;193.0;4.0
=60*60*16+60*33+49.255;8.311;46.998672;495.0;15.25;193.0;4.0
=60*60*16+60*33+50.205;8.310951;46.998534;496.0;15.25;193.0;6.0
=60*60*16+60*33+50.263;8.310951;46.998534;496.0;15.25;193.0;6.0
=60*60*16+60*33+51.199;8.310904;46.998401;495.0;15.25;193.0;6.0
=60*60*16+60*33+52.240;8.31098;46.998341;494.0;11.75;181.0;6.0
=60*60*16+60*33+53.201;8.310867;46.998263;495.0;11.0;191.0;6.0
=60*60*16+60*33+54.252;8.310798;46.99824;494.0;7.75;203.0;4.0
=60*60*16+60*33+55.199;8.310774;46.998174;495.0;7.0;200.0;4.0
=60*60*16+60*33+57.196;8.310718;46.998099;495.0;5.25;202.0;4.0
=60*60*16+60*33+58.194;8.310684;46.998048;495.0;6.25;203.0;5.0
=60*60*16+60*33+59.266;8.310627;46.997978;496.0;8.0;205.0;4.0
=60*60*16+60*34+00.199;8.310582;46.997906;497.0;9.5;197.0;4.0
=60*60*16+60*34+00.285;8.310582;46.997906;497.0;9.5;197.0;4.0
=60*60*16+60*34+01.244;8.310577;46.9978;498.0;11.0;184.0;3.9
=60*60*16+60*34+02.321;8.310577;46.9978;498.0;11.0;184.0;3.0
=60*60*16+60*34+02.359;8.310578;46.997696;499.0;11.5;180.0;3.9
=60*60*16+60*34+02.372;8.310578;46.997696;499.0;11.5;180.0;3.0
=60*60*16+60*34+03.202;8.310565;46.997578;500.0;12.25;183.0;4.0
=60*60*16+60*34+03.231;8.310565;46.997578;500.0;12.25;183.0;4.0
=60*60*16+60*34+04.200;8.310531;46.997457;501.0;13.0;188.0;4.0
=60*60*16+60*34+04.274;8.310531;46.997457;501.0;13.0;188.0;4.0
=60*60*16+60*34+05.199;8.31049;46.997342;501.0;13.0;192.0;3.9
=60*60*16+60*34+05.273;8.31049;46.997342;501.0;13.0;192.0;3.0
=60*60*16+60*34+06.200;8.310451;46.997228;502.0;13.25;195.0;3.9
=60*60*16+60*34+06.480;8.310451;46.997228;502.0;13.25;195.0;3.0
=60*60*16+60*34+07.199;8.3104;46.99711;504.0;13.5;196.0;3.9
=60*60*16+60*34+07.274;8.3104;46.99711;504.0;13.5;196.0;3.0
=60*60*16+60*34+08.192;8.310344;46.996999;505.0;13.5;197.0;3.9
=60*60*16+60*34+08.197;8.310344;46.996999;505.0;13.5;197.0;3.0
=60*60*16+60*34+09.192;8.310292;46.996909;505.0;13.75;198.0;4.0
=60*60*16+60*34+09.199;8.310292;46.996909;505.0;13.75;198.0;4.0
=60*60*16+60*34+10.195;8.310231;46.996792;508.0;13.75;200.0;3.9
=60*60*16+60*34+10.224;8.310231;46.996792;508.0;13.75;200.0;3.0
=60*60*16+60*34+11.201;8.310164;46.996672;510.0;13.75;201.0;3.9
=60*60*16+60*34+11.238;8.310164;46.996672;510.0;13.75;201.0;3.0
=60*60*16+60*34+12.250;8.310096;46.996561;511.0;13.5;203.0;3.9
=60*60*16+60*34+12.273;8.310096;46.996561;511.0;13.5;203.0;3.0
=60*60*16+60*34+13.201;8.310019;46.996454;513.0;13.5;205.0;3.9
=60*60*16+60*34+13.274;8.310019;46.996454;513.0;13.5;205.0;3.0
=60*60*16+60*34+14.231;8.309938;46.996342;514.0;13.5;207.0;3.9
=60*60*16+60*34+14.244;8.309938;46.996342;514.0;13.5;207.0;3.0
=60*60*16+60*34+15.191;8.30986;46.996238;516.0;13.25;208.0;3.9
=60*60*16+60*34+15.199;8.30986;46.996238;516.0;13.25;208.0;3.0
=60*60*16+60*34+16.191;8.309775;46.996134;517.0;13.25;208.0;3.9
=60*60*16+60*34+16.197;8.309775;46.996134;517.0;13.25;208.0;3.0
=60*60*16+60*34+17.191;8.309703;46.996028;519.0;13.25;209.0;3.9
=60*60*16+60*34+17.195;8.309703;46.996028;519.0;13.25;209.0;3.0
=60*60*16+60*34+18.191;8.309625;46.995928;520.0;13.25;210.0;3.9
=60*60*16+60*34+18.196;8.309625;46.995928;520.0;13.25;210.0;3.0
=60*60*16+60*34+19.192;8.309529;46.995828;522.0;13.0;211.0;3.9
=60*60*16+60*34+19.198;8.309529;46.995828;522.0;13.0;211.0;3.0
=60*60*16+60*34+20.192;8.309432;46.995731;523.0;13.0;213.0;3.9
=60*60*16+60*34+20.196;8.309432;46.995731;523.0;13.0;213.0;3.0
=60*60*16+60*34+21.192;8.309338;46.995637;524.0;12.5;215.0;3.9
=60*60*16+60*34+21.200;8.309338;46.995637;524.0;12.5;215.0;3.0
=60*60*16+60*34+22.192;8.309243;46.995551;525.0;12.0;216.0;3.9
=60*60*16+60*34+22.197;8.309243;46.995551;525.0;12.0;216.0;3.0
=60*60*16+60*34+23.192;8.309151;46.995467;527.0;12.0;217.0;3.9
=60*60*16+60*34+23.198;8.309151;46.995467;527.0;12.0;217.0;3.0
=60*60*16+60*34+24.191;8.309057;46.995382;527.0;12.25;217.0;4.0
=60*60*16+60*34+24.200;8.309057;46.995382;527.0;12.25;217.0;4.0
=60*60*16+60*34+25.192;8.30896;46.995297;528.0;12.25;217.0;5.0
=60*60*16+60*34+25.198;8.30896;46.995297;528.0;12.25;217.0;5.0
=60*60*16+60*34+26.192;8.30887;46.995214;528.0;12.0;219.0;4.0
=60*60*16+60*34+26.198;8.30887;46.995214;528.0;12.0;219.0;4.0
=60*60*16+60*34+27.191;8.308755;46.99513;528.0;12.25;221.0;3.9
=60*60*16+60*34+27.200;8.308755;46.99513;528.0;12.25;221.0;3.0
=60*60*16+60*34+28.199;8.308635;46.995037;527.0;12.75;222.0;4.0
=60*60*16+60*34+28.288;8.308635;46.995037;527.0;12.75;222.0;4.0
=60*60*16+60*34+29.261;8.308523;46.994954;527.0;12.75;222.0;5.0
=60*60*16+60*34+29.286;8.308523;46.994954;527.0;12.75;222.0;5.0
=60*60*16+60*34+30.203;8.308389;46.994888;529.0;13.25;225.0;4.0
=60*60*16+60*34+30.253;8.308389;46.994888;529.0;13.25;225.0;4.0
=60*60*16+60*34+31.258;8.308269;46.994807;529.0;13.0;225.0;4.0
=60*60*16+60*34+32.203;8.308141;46.994725;528.0;13.0;226.0;4.0
=60*60*16+60*34+32.251;8.308141;46.994725;528.0;13.0;226.0;4.0
=60*60*16+60*34+33.199;8.308022;46.994656;527.0;12.25;227.0;3.9
=60*60*16+60*34+33.295;8.308022;46.994656;527.0;12.25;227.0;3.0
=60*60*16+60*34+34.201;8.307912;46.99458;527.0;12.25;227.0;4.0
=60*60*16+60*34+34.383;8.307912;46.99458;527.0;12.25;227.0;4.0
=60*60*16+60*34+35.201;8.307789;46.994499;526.0;12.0;227.0;4.0
=60*60*16+60*34+35.282;8.307789;46.994499;526.0;12.0;227.0;4.0
=60*60*16+60*34+36.199;8.307682;46.994432;525.0;11.25;227.0;3.9
=60*60*16+60*34+37.242;8.307584;46.994373;524.0;10.5;226.0;3.0
=60*60*16+60*34+38.201;8.307497;46.99431;523.0;9.75;223.0;3.9
=60*60*16+60*34+39.200;8.307419;46.994239;523.0;9.5;220.0;4.0
=60*60*16+60*34+40.202;8.30737;46.994167;523.0;9.5;209.0;4.0
=60*60*16+60*34+41.228;8.307346;46.994084;522.0;9.5;197.0;4.0
=60*60*16+60*34+42.201;8.307332;46.993995;521.0;10.0;189.0;4.0
=60*60*16+60*34+43.248;8.307365;46.99392;522.0;8.75;168.0;4.0
=60*60*16+60*34+44.211;8.307415;46.993847;522.0;9.0;159.0;3.9
=60*60*16+60*34+45.313;8.307445;46.993765;522.0;9.0;161.0;3.0
=60*60*16+60*34+46.225;8.30749;46.9937;521.0;7.75;156.0;3.9
=60*60*16+60*34+47.342;8.307541;46.993656;521.0;6.25;144.0;3.0
=60*60*16+60*34+48.205;8.307608;46.993632;520.0;6.5;119.0;3.9
=60*60*16+60*34+49.257;8.307704;46.993616;519.0;7.5;107.0;4.0
=60*60*16+60*34+50.201;8.30782;46.993606;520.0;8.75;99.0;3.9
=60*60*16+60*34+51.205;8.307943;46.993578;519.0;9.5;106.0;4.0
=60*60*16+60*34+52.202;8.308099;46.99354;519.0;11.75;109.0;4.0
=60*60*16+60*34+52.212;8.308099;46.99354;519.0;11.75;109.0;4.0
=60*60*16+60*34+53.205;8.308254;46.993469;519.0;13.0;119.0;4.0
=60*60*16+60*34+53.254;8.308254;46.993469;519.0;13.0;119.0;4.0
=60*60*16+60*34+54.210;8.308406;46.9934;519.0;13.25;122.0;3.9
=60*60*16+60*34+54.264;8.308406;46.9934;519.0;13.25;122.0;3.0
=60*60*16+60*34+55.213;8.308551;46.993333;519.0;13.5;121.0;4.0
=60*60*16+60*34+55.299;8.308551;46.993333;519.0;13.5;121.0;4.0
=60*60*16+60*34+56.273;8.308707;46.993266;518.0;14.0;122.0;3.9
=60*60*16+60*34+56.293;8.308707;46.993266;518.0;14.0;122.0;3.0
=60*60*16+60*34+57.210;8.308858;46.993195;518.0;13.75;123.0;3.9
=60*60*16+60*34+57.258;8.308858;46.993195;518.0;13.75;123.0;3.0
=60*60*16+60*34+58.202;8.309006;46.993138;517.0;13.75;122.0;3.9
=60*60*16+60*34+58.254;8.309006;46.993138;517.0;13.75;122.0;3.0
=60*60*16+60*34+59.215;8.309168;46.993077;517.0;13.5;119.0;4.0
=60*60*16+60*34+59.287;8.309168;46.993077;517.0;13.5;119.0;4.0
=60*60*16+60*35+00.199;8.309322;46.993019;516.0;13.0;120.0;3.9
=60*60*16+60*35+00.261;8.309322;46.993019;516.0;13.0;120.0;3.0
=60*60*16+60*35+01.201;8.309462;46.992966;515.0;12.75;120.0;3.9
=60*60*16+60*35+01.258;8.309462;46.992966;515.0;12.75;120.0;3.0
=60*60*16+60*35+02.196;8.309605;46.992913;515.0;12.5;120.0;3.9
=60*60*16+60*35+02.266;8.309605;46.992913;515.0;12.5;120.0;3.0
=60*60*16+60*35+03.201;8.309741;46.992857;514.0;12.5;121.0;3.9
=60*60*16+60*35+03.253;8.309741;46.992857;514.0;12.5;121.0;3.0
=60*60*16+60*35+04.243;8.309882;46.992802;514.0;11.75;120.0;3.9
=60*60*16+60*35+04.265;8.309882;46.992802;514.0;11.75;120.0;3.0
=60*60*16+60*35+05.214;8.310006;46.992752;513.0;11.25;120.0;3.9
=60*60*16+60*35+05.479;8.310006;46.992752;513.0;11.25;120.0;3.0
=60*60*16+60*35+06.200;8.310132;46.992701;512.0;11.25;120.0;3.9
=60*60*16+60*35+06.230;8.310132;46.992701;512.0;11.25;120.0;3.0
=60*60*16+60*35+07.297;8.310262;46.992648;512.0;11.25;120.0;4.0
=60*60*16+60*35+07.309;8.310262;46.992648;512.0;11.25;120.0;4.0
=60*60*16+60*35+08.193;8.310378;46.992599;511.0;11.25;121.0;3.9
=60*60*16+60*35+08.206;8.310378;46.992599;511.0;11.25;121.0;3.0
=60*60*16+60*35+09.197;8.310501;46.992559;509.0;11.0;121.0;3.9
=60*60*16+60*35+09.288;8.310501;46.992559;509.0;11.0;121.0;3.0
=60*60*16+60*35+10.191;8.310627;46.992506;509.0;11.0;121.0;3.9
=60*60*16+60*35+10.197;8.310627;46.992506;509.0;11.0;121.0;3.0
=60*60*16+60*35+11.190;8.310749;46.992454;508.0;11.0;121.0;4.0
=60*60*16+60*35+11.195;8.310749;46.992454;508.0;11.0;121.0;4.0
=60*60*16+60*35+12.198;8.31089;46.992392;510.0;11.75;118.0;3.9
=60*60*16+60*35+12.257;8.31089;46.992392;510.0;11.75;118.0;3.0
=60*60*16+60*35+13.200;8.311024;46.992342;510.0;11.75;118.0;4.0
=60*60*16+60*35+13.286;8.311024;46.992342;510.0;11.75;118.0;4.0
=60*60*16+60*35+14.199;8.311158;46.992291;509.0;11.75;118.0;5.0
=60*60*16+60*35+14.250;8.311158;46.992291;509.0;11.75;118.0;5.0
=60*60*16+60*35+15.201;8.311312;46.992221;513.0;11.75;121.0;4.0
=60*60*16+60*35+15.259;8.311312;46.992221;513.0;11.75;121.0;4.0
=60*60*16+60*35+16.242;8.31142;46.992161;511.0;11.5;121.0;3.0
=60*60*16+60*35+17.198;8.311534;46.992114;509.0;11.5;120.0;3.9
=60*60*16+60*35+17.361;8.311534;46.992114;509.0;11.5;120.0;3.0
=60*60*16+60*35+18.201;8.311662;46.992056;508.0;11.25;121.0;3.9
=60*60*16+60*35+18.250;8.311662;46.992056;508.0;11.25;121.0;3.0
=60*60*16+60*35+19.199;8.311796;46.992006;506.0;11.25;121.0;3.9
=60*60*16+60*35+19.251;8.311796;46.992006;506.0;11.25;121.0;3.0
=60*60*16+60*35+20.199;8.311921;46.991956;504.0;11.5;121.0;3.9
=60*60*16+60*35+20.250;8.311921;46.991956;504.0;11.5;121.0;3.0
=60*60*16+60*35+21.203;8.312045;46.991903;503.0;11.5;121.0;3.9
=60*60*16+60*35+21.253;8.312045;46.991903;503.0;11.5;121.0;3.0
=60*60*16+60*35+22.198;8.312166;46.991852;502.0;11.5;121.0;3.9
=60*60*16+60*35+22.225;8.312166;46.991852;502.0;11.5;121.0;3.0
=60*60*16+60*35+23.199;8.312289;46.991798;500.0;11.5;121.0;3.9
=60*60*16+60*35+23.384;8.312289;46.991798;500.0;11.5;121.0;3.0
=60*60*16+60*35+24.201;8.312424;46.991743;500.0;11.75;120.0;3.9
=60*60*16+60*35+24.367;8.312424;46.991743;500.0;11.75;120.0;3.0
=60*60*16+60*35+25.201;8.312555;46.991687;499.0;11.75;120.0;3.9
=60*60*16+60*35+25.284;8.312555;46.991687;499.0;11.75;120.0;3.0
=60*60*16+60*35+26.216;8.312694;46.991633;498.0;11.75;121.0;3.9
=60*60*16+60*35+26.264;8.312694;46.991633;498.0;11.75;121.0;3.0
=60*60*16+60*35+27.205;8.312824;46.991577;497.0;11.75;121.0;3.9
=60*60*16+60*35+27.269;8.312824;46.991577;497.0;11.75;121.0;3.0
=60*60*16+60*35+28.206;8.312954;46.991521;496.0;12.0;121.0;4.0
=60*60*16+60*35+28.254;8.312954;46.991521;496.0;12.0;121.0;4.0
=60*60*16+60*35+29.202;8.313086;46.991465;496.0;12.0;121.0;5.0
=60*60*16+60*35+29.391;8.313086;46.991465;496.0;12.0;121.0;5.0
=60*60*16+60*35+30.205;8.313232;46.991427;494.0;12.0;119.0;4.0
=60*60*16+60*35+30.274;8.313232;46.991427;494.0;12.0;119.0;4.0
=60*60*16+60*35+31.203;8.313384;46.991357;494.0;12.0;116.0;3.9
=60*60*16+60*35+31.251;8.313384;46.991357;494.0;12.0;116.0;3.0
=60*60*16+60*35+32.203;8.313527;46.991325;494.0;11.75;107.0;3.9
=60*60*16+60*35+32.252;8.313527;46.991325;494.0;11.75;107.0;3.0
=60*60*16+60*35+33.198;8.313673;46.991293;493.0;11.75;107.0;4.0
=60*60*16+60*35+33.343;8.313673;46.991293;493.0;11.75;107.0;4.0
=60*60*16+60*35+34.200;8.313817;46.991283;494.0;11.25;102.0;5.0
=60*60*16+60*35+35.247;8.313938;46.991277;493.0;9.75;101.0;5.0
=60*60*16+60*35+36.198;8.314041;46.991294;494.0;7.5;82.0;4.0
=60*60*16+60*35+37.240;8.314134;46.991303;494.0;6.25;82.0;5.0
=60*60*16+60*35+38.201;8.314216;46.991311;494.0;6.25;82.0;7.0
=60*60*16+60*36+17.243;8.314153;46.991336;490.0;3.5;276.0;4.0
=60*60*16+60*36+18.199;8.314086;46.991334;491.0;4.75;269.0;4.0
=60*60*16+60*36+19.245;8.313999;46.99133;492.0;6.0;268.0;4.0
=60*60*16+60*36+20.200;8.313863;46.991312;492.0;7.75;268.0;4.0
=60*60*16+60*36+21.219;8.313736;46.991305;492.0;9.25;268.0;4.0
=60*60*16+60*36+22.198;8.313596;46.991317;492.0;10.25;274.0;5.0
=60*60*16+60*36+22.264;8.313596;46.991317;492.0;10.25;274.0;5.0
=60*60*16+60*36+23.200;8.313456;46.991353;493.0;11.0;284.0;4.0
=60*60*16+60*36+23.253;8.313456;46.991353;493.0;11.0;284.0;4.0
=60*60*16+60*36+24.199;8.313309;46.99141;494.0;12.25;295.0;4.0
=60*60*16+60*36+24.277;8.313309;46.99141;494.0;12.25;295.0;4.0
=60*60*16+60*36+25.194;8.313164;46.991465;494.0;12.75;299.0;3.9
=60*60*16+60*36+25.222;8.313164;46.991465;494.0;12.75;299.0;3.0
=60*60*16+60*36+26.198;8.313032;46.991539;495.0;12.0;301.0;3.9
=60*60*16+60*36+26.460;8.313032;46.991539;495.0;12.0;301.0;3.0
=60*60*16+60*36+27.199;8.312905;46.991593;496.0;11.0;301.0;3.9
=60*60*16+60*36+27.464;8.312905;46.991593;496.0;11.0;301.0;3.0
=60*60*16+60*36+28.340;8.312785;46.99164;497.0;10.5;301.0;3.9
=60*60*16+60*36+28.483;8.312785;46.99164;497.0;10.5;301.0;3.0
=60*60*16+60*36+29.204;8.312668;46.991684;498.0;10.5;301.0;3.9
=60*60*16+60*36+29.234;8.312668;46.991684;498.0;10.5;301.0;3.0
=60*60*16+60*36+30.195;8.312547;46.991734;499.0;10.5;301.0;3.9
=60*60*16+60*36+30.209;8.312547;46.991734;499.0;10.5;301.0;3.0
=60*60*16+60*36+31.196;8.312424;46.991784;500.0;10.75;300.0;3.9
=60*60*16+60*36+31.271;8.312424;46.991784;500.0;10.75;300.0;3.0
=60*60*16+60*36+32.208;8.312309;46.99183;500.0;10.25;301.0;4.0
=60*60*16+60*36+33.242;8.3122;46.991874;501.0;9.75;301.0;3.0
=60*60*16+60*36+34.216;8.312089;46.991918;502.0;9.75;306.0;3.9
=60*60*16+60*36+35.217;8.311991;46.991974;503.0;9.75;309.0;3.0
=60*60*16+60*36+36.199;8.311882;46.992023;503.0;10.0;302.0;3.9
=60*60*16+60*36+36.269;8.311882;46.992023;503.0;10.0;302.0;3.0
=60*60*16+60*36+37.199;8.311757;46.99206;504.0;10.5;293.0;3.9
=60*60*16+60*36+37.272;8.311757;46.99206;504.0;10.5;293.0;3.0
=60*60*16+60*36+38.198;8.311623;46.992101;505.0;10.75;295.0;3.9
=60*60*16+60*36+38.486;8.311623;46.992101;505.0;10.75;295.0;3.0
=60*60*16+60*36+39.200;8.311491;46.992151;505.0;11.5;300.0;3.9
=60*60*16+60*36+39.264;8.311491;46.992151;505.0;11.5;300.0;3.0
=60*60*16+60*36+40.198;8.311361;46.992204;506.0;12.0;302.0;3.9
=60*60*16+60*36+40.282;8.311361;46.992204;506.0;12.0;302.0;3.0
=60*60*16+60*36+41.191;8.311227;46.992262;506.0;12.0;302.0;4.0
=60*60*16+60*36+41.196;8.311227;46.992262;506.0;12.0;302.0;4.0
=60*60*16+60*36+42.190;8.311095;46.992316;506.0;11.75;301.0;4.0
=60*60*16+60*36+42.196;8.311095;46.992316;506.0;11.75;301.0;4.0
=60*60*16+60*36+43.191;8.310959;46.992373;507.0;11.75;301.0;6.0
=60*60*16+60*36+43.196;8.310959;46.992373;507.0;11.75;301.0;6.0
=60*60*16+60*36+44.201;8.310832;46.992412;508.0;11.75;300.0;4.0
=60*60*16+60*36+44.267;8.310832;46.992412;508.0;11.75;300.0;4.0
=60*60*16+60*36+45.200;8.3107;46.992459;508.0;11.0;301.0;4.0
=60*60*16+60*36+45.244;8.3107;46.992459;508.0;11.0;301.0;4.0
=60*60*16+60*36+46.196;8.310573;46.992521;508.0;11.0;300.0;4.0
=60*60*16+60*36+46.258;8.310573;46.992521;508.0;11.0;300.0;4.0
=60*60*16+60*36+47.198;8.310459;46.992581;508.0;11.25;304.0;5.0
=60*60*16+60*36+47.314;8.310459;46.992581;508.0;11.25;304.0;5.0
=60*60*16+60*36+48.192;8.310343;46.992639;508.0;10.5;305.0;4.0
=60*60*16+60*36+48.201;8.310343;46.992639;508.0;10.5;305.0;4.0
=60*60*16+60*36+49.190;8.310232;46.992693;508.0;10.5;305.0;5.0
=60*60*16+60*36+49.195;8.310232;46.992693;508.0;10.5;305.0;5.0
=60*60*16+60*36+50.199;8.310121;46.992748;509.0;10.5;305.0;6.0
=60*60*16+60*36+50.373;8.310121;46.992748;509.0;10.5;305.0;6.0
=60*60*16+60*36+51.197;8.310008;46.992818;507.0;11.25;297.0;6.0
=60*60*16+60*36+51.283;8.310008;46.992818;507.0;11.25;297.0;6.0
=60*60*16+60*36+52.190;8.309869;46.992845;508.0;11.0;294.0;5.0
=60*60*16+60*36+52.196;8.309869;46.992845;508.0;11.0;294.0;5.0
=60*60*16+60*36+53.191;8.309747;46.992914;507.0;11.5;298.0;5.0
=60*60*16+60*36+53.249;8.309747;46.992914;507.0;11.5;298.0;5.0
=60*60*16+60*36+54.197;8.309611;46.992965;507.0;11.5;298.0;6.0
=60*60*16+60*36+54.393;8.309611;46.992965;507.0;11.5;298.0;6.0
=60*60*16+60*36+55.189;8.30948;46.993015;507.0;11.5;298.0;8.0
=60*60*16+60*36+55.354;8.30948;46.993015;507.0;11.5;298.0;8.0
=60*60*16+60*36+56.196;8.309335;46.993063;508.0;11.75;299.0;8.0
=60*60*16+60*36+57.238;8.309216;46.993097;508.0;11.25;299.0;8.0
=60*60*16+60*36+58.200;8.309076;46.993135;511.0;11.0;300.0;5.0
=60*60*16+60*36+58.250;8.309076;46.993135;511.0;11.0;300.0;5.0
=60*60*16+60*36+59.200;8.308933;46.993196;514.0;11.5;305.0;4.0
=60*60*16+60*36+59.252;8.308933;46.993196;514.0;11.5;305.0;4.0
=60*60*16+60*37+00.191;8.308794;46.993228;515.0;11.25;299.0;4.0
=60*60*16+60*37+00.249;8.308794;46.993228;515.0;11.25;299.0;4.0
=60*60*16+60*37+01.199;8.308675;46.993277;515.0;11.5;299.0;4.0
=60*60*16+60*37+01.275;8.308675;46.993277;515.0;11.5;299.0;4.0
=60*60*16+60*37+02.200;8.308538;46.993341;516.0;12.0;301.0;4.0
=60*60*16+60*37+02.250;8.308538;46.993341;516.0;12.0;301.0;4.0
=60*60*16+60*37+03.201;8.30841;46.993393;516.0;11.5;301.0;4.0
=60*60*16+60*37+03.260;8.30841;46.993393;516.0;11.5;301.0;4.0
=60*60*16+60*37+04.200;8.308279;46.993451;517.0;11.5;301.0;4.0
=60*60*16+60*37+04.249;8.308279;46.993451;517.0;11.5;301.0;4.0
=60*60*16+60*37+05.221;8.308161;46.993509;516.0;11.25;303.0;4.0
=60*60*16+60*37+05.258;8.308161;46.993509;516.0;11.25;303.0;4.0
=60*60*16+60*37+06.201;8.308035;46.993548;515.0;10.75;301.0;5.0
=60*60*16+60*37+06.251;8.308035;46.993548;515.0;10.75;301.0;5.0
=60*60*16+60*37+07.198;8.307916;46.993604;515.0;10.75;302.0;6.0
=60*60*16+60*37+08.246;8.307821;46.993648;516.0;9.75;303.0;8.0
=60*60*16+60*37+09.201;8.307741;46.99368;517.0;8.5;302.0;9.0
=60*60*16+60*37+10.293;8.307672;46.993717;517.0;7.25;303.0;8.0
=60*60*16+60*37+11.191;8.30761;46.993751;516.0;6.25;303.0;8.0
=60*60*16+60*37+12.195;8.307555;46.993798;517.0;6.5;314.0;5.0
=60*60*16+60*37+13.190;8.307485;46.99385;519.0;6.5;315.0;6.0
=60*60*16+60*37+14.249;8.307413;46.993893;520.0;6.75;317.0;6.0
=60*60*16+60*37+15.200;8.307401;46.994022;521.0;9.5;344.0;5.0
=60*60*16+60*37+16.252;8.307375;46.994106;521.0;9.5;347.0;5.0
=60*60*16+60*37+17.263;8.307478;46.994221;523.0;11.75;18.0;4.0
=60*60*16+60*37+17.286;8.307478;46.994221;523.0;11.75;18.0;4.0
=60*60*16+60*37+18.210;8.307585;46.994308;523.0;12.5;33.0;4.0
=60*60*16+60*37+18.255;8.307585;46.994308;523.0;12.5;33.0;4.0
=60*60*16+60*37+19.198;8.307699;46.994393;526.0;12.5;45.0;3.9
=60*60*16+60*37+19.251;8.307699;46.994393;526.0;12.5;45.0;3.0
=60*60*16+60*37+20.191;8.30783;46.994474;527.0;13.25;49.0;3.9
=60*60*16+60*37+20.197;8.30783;46.994474;527.0;13.25;49.0;3.0
=60*60*16+60*37+21.198;8.307948;46.994562;528.0;12.75;48.0;3.9
=60*60*16+60*37+21.250;8.307948;46.994562;528.0;12.75;48.0;3.0
=60*60*16+60*37+22.198;8.308072;46.994639;529.0;12.75;48.0;4.0
=60*60*16+60*37+22.251;8.308072;46.994639;529.0;12.75;48.0;4.0
=60*60*16+60*37+23.200;8.308198;46.994717;529.0;12.5;47.0;4.0
=60*60*16+60*37+23.250;8.308198;46.994717;529.0;12.5;47.0;4.0
=60*60*16+60*37+24.190;8.308315;46.994791;528.0;12.5;46.0;4.0
=60*60*16+60*37+24.199;8.308315;46.994791;528.0;12.5;46.0;4.0
=60*60*16+60*37+25.190;8.308412;46.994875;526.0;12.5;45.0;4.0
=60*60*16+60*37+25.195;8.308412;46.994875;526.0;12.5;45.0;4.0
=60*60*16+60*37+26.226;8.308529;46.994961;526.0;12.25;44.0;4.0
=60*60*16+60*37+26.267;8.308529;46.994961;526.0;12.25;44.0;4.0
=60*60*16+60*37+27.192;8.308635;46.995039;526.0;12.0;42.0;4.0
=60*60*16+60*37+27.248;8.308635;46.995039;526.0;12.0;42.0;4.0
=60*60*16+60*37+28.209;8.308738;46.995112;527.0;11.5;42.0;4.0
=60*60*16+60*37+28.363;8.308738;46.995112;527.0;11.5;42.0;4.0
=60*60*16+60*37+29.201;8.308831;46.995185;528.0;11.25;42.0;4.0
=60*60*16+60*37+29.252;8.308831;46.995185;528.0;11.25;42.0;4.0
=60*60*16+60*37+30.207;8.308919;46.995256;527.0;11.0;40.0;3.9
=60*60*16+60*37+30.253;8.308919;46.995256;527.0;11.0;40.0;3.0
=60*60*16+60*37+31.191;8.309016;46.995334;527.0;11.0;39.0;3.9
=60*60*16+60*37+31.197;8.309016;46.995334;527.0;11.0;39.0;3.0
=60*60*16+60*37+32.191;8.309108;46.995411;527.0;11.0;39.0;3.9
=60*60*16+60*37+32.197;8.309108;46.995411;527.0;11.0;39.0;3.0
=60*60*16+60*37+33.197;8.309195;46.995482;527.0;11.0;38.0;3.9
=60*60*16+60*37+33.243;8.309195;46.995482;527.0;11.0;38.0;3.0
=60*60*16+60*37+34.201;8.309285;46.995566;527.0;11.0;38.0;3.9
=60*60*16+60*37+34.251;8.309285;46.995566;527.0;11.0;38.0;3.0
=60*60*16+60*37+35.199;8.309367;46.995645;527.0;11.0;37.0;4.0
=60*60*16+60*37+35.284;8.309367;46.995645;527.0;11.0;37.0;4.0
=60*60*16+60*37+36.200;8.309457;46.995732;526.0;11.0;36.0;4.0
=60*60*16+60*37+36.258;8.309457;46.995732;526.0;11.0;36.0;4.0
=60*60*16+60*37+37.201;8.309542;46.995819;525.0;11.5;34.0;3.9
=60*60*16+60*37+37.251;8.309542;46.995819;525.0;11.5;34.0;3.0
=60*60*16+60*37+38.198;8.309617;46.995909;523.0;11.75;32.0;3.9
=60*60*16+60*37+38.250;8.309617;46.995909;523.0;11.75;32.0;3.0
=60*60*16+60*37+39.190;8.309699;46.996002;523.0;12.0;32.0;4.0
=60*60*16+60*37+39.197;8.309699;46.996002;523.0;12.0;32.0;4.0
=60*60*16+60*37+40.214;8.309785;46.996095;522.0;12.5;31.0;4.0
=60*60*16+60*37+40.268;8.309785;46.996095;522.0;12.5;31.0;4.0
=60*60*16+60*37+41.199;8.30986;46.9962;520.0;12.5;29.0;3.9
=60*60*16+60*37+41.247;8.30986;46.9962;520.0;12.5;29.0;3.0
=60*60*16+60*37+42.198;8.309933;46.996313;518.0;13.25;28.0;3.9
=60*60*16+60*37+42.253;8.309933;46.996313;518.0;13.25;28.0;3.0
=60*60*16+60*37+43.199;8.310028;46.99642;517.0;13.25;27.0;3.9
=60*60*16+60*37+43.276;8.310028;46.99642;517.0;13.25;27.0;3.0
=60*60*16+60*37+44.194;8.310117;46.996525;517.0;13.5;26.0;3.9
=60*60*16+60*37+44.222;8.310117;46.996525;517.0;13.5;26.0;3.0
=60*60*16+60*37+45.198;8.31019;46.99663;515.0;13.25;24.0;3.9
=60*60*16+60*37+45.618;8.31019;46.99663;515.0;13.25;24.0;3.0
=60*60*16+60*37+46.201;8.310254;46.99674;514.0;13.0;21.0;3.9
=60*60*16+60*37+46.855;8.310254;46.99674;514.0;13.0;21.0;3.0
=60*60*16+60*37+47.196;8.310309;46.996844;513.0;11.75;21.0;3.9
=60*60*16+60*37+47.249;8.310309;46.996844;513.0;11.75;21.0;3.0
=60*60*16+60*37+48.197;8.310365;46.99694;513.0;11.25;21.0;3.9
=60*60*16+60*37+48.276;8.310365;46.99694;513.0;11.25;21.0;3.0
=60*60*16+60*37+49.197;8.310419;46.997033;513.0;11.25;21.0;5.0
=60*60*16+60*37+49.389;8.310419;46.997033;513.0;11.25;21.0;5.0
=60*60*16+60*37+50.195;8.31048;46.997145;512.0;12.0;16.0;4.0
=60*60*16+60*37+50.268;8.31048;46.997145;512.0;12.0;16.0;4.0
=60*60*16+60*37+51.196;8.310534;46.997249;512.0;12.5;17.0;4.0
=60*60*16+60*37+51.271;8.310534;46.997249;512.0;12.5;17.0;4.0
=60*60*16+60*37+52.198;8.31059;46.997352;512.0;12.75;16.0;4.0
=60*60*16+60*37+52.272;8.31059;46.997352;512.0;12.75;16.0;4.0
=60*60*16+60*37+53.614;8.310606;46.997445;512.0;11.75;15.0;4.0
=60*60*16+60*37+54.049;8.310606;46.997445;512.0;11.75;15.0;4.0
=60*60*16+60*37+54.192;8.310616;46.997546;514.0;11.75;14.0;4.0
=60*60*16+60*37+54.220;8.310616;46.997546;514.0;11.75;14.0;4.0
=60*60*16+60*37+55.254;8.310636;46.997657;513.0;11.75;7.0;5.0
=60*60*16+60*37+55.878;8.310636;46.997657;513.0;11.75;7.0;5.0
=60*60*16+60*37+56.193;8.310647;46.997755;512.0;11.0;2.0;4.0
=60*60*16+60*37+56.206;8.310647;46.997755;512.0;11.0;2.0;4.0
=60*60*16+60*37+57.192;8.31063;46.997844;513.0;10.25;358.0;4.0
=60*60*16+60*37+58.251;8.310632;46.997927;512.0;8.75;359.0;4.0
=60*60*16+60*37+59.200;8.310648;46.998003;511.0;8.25;5.0;4.0
=60*60*16+60*38+00.196;8.310693;46.998056;512.0;7.25;17.0;5.0
=60*60*16+60*38+01.191;8.310749;46.998112;511.0;7.25;32.0;5.0
=60*60*16+60*38+02.222;8.310798;46.998136;512.0;6.0;36.0;7.0
=60*60*16+60*38+03.209;8.310859;46.998181;512.0;6.25;42.0;10.0
=60*60*16+60*38+03.259;8.310859;46.998181;512.0;6.25;42.0;10.0
=60*60*16+60*38+04.207;8.310979;46.998049;509.0;5.5;99.0;11.0
=60*60*16+60*38+04.268;8.310979;46.998049;509.0;5.5;99.0;11.0
=60*60*16+60*38+05.198;8.31108;46.997891;513.0;6.75;127.0;10.0
=60*60*16+60*38+06.298;8.311174;46.997847;511.0;6.0;120.0;8.0
=60*60*16+60*38+07.198;8.311251;46.997818;509.0;6.0;121.0;7.0
=60*60*16+60*38+09.234;8.311355;46.997812;506.0;4.25;114.0;7.0
=60*60*16+60*38+10.190;8.311408;46.997782;504.0;5.25;133.0;5.0
=60*60*16+60*38+11.243;8.311465;46.997759;503.0;5.5;123.0;4.0
=60*60*16+60*38+12.196;8.311544;46.997744;502.0;5.75;104.0;4.0
=60*60*16+60*38+13.197;8.31161;46.997749;501.0;5.5;83.0;4.0
=60*60*16+60*38+14.200;8.311685;46.997769;501.0;5.5;58.0;3.9
=60*60*16+60*38+15.249;8.311712;46.997824;498.0;5.25;33.0;3.0
=60*60*16+60*38+16.194;8.311732;46.997878;499.0;5.5;10.0;3.9
=60*60*16+60*38+17.305;8.311724;46.99793;498.0;6.0;353.0;3.0
=60*60*16+60*38+18.189;8.31171;46.997989;498.0;6.5;349.0;3.9
=60*60*16+60*38+19.196;8.311703;46.998066;498.0;7.75;359.0;3.0
=60*60*16+60*38+20.190;8.311712;46.99815;497.0;9.25;6.0;3.9
=60*60*16+60*38+20.194;8.311712;46.99815;497.0;9.25;6.0;3.0
=60*60*16+60*38+21.190;8.311729;46.998242;497.0;10.5;6.0;4.0
=60*60*16+60*38+21.196;8.311729;46.998242;497.0;10.5;6.0;4.0
=60*60*16+60*38+22.194;8.31174;46.998358;496.0;12.0;3.0;4.0
=60*60*16+60*38+22.218;8.31174;46.998358;496.0;12.0;3.0;4.0
=60*60*16+60*38+23.203;8.311735;46.998471;497.0;12.25;0.0;4.0
=60*60*16+60*38+23.273;8.311735;46.998471;497.0;12.25;0.0;4.0
=60*60*16+60*38+24.197;8.311744;46.998626;496.0;14.5;1.0;4.0
=60*60*16+60*38+24.260;8.311744;46.998626;496.0;14.5;1.0;4.0
=60*60*16+60*38+25.212;8.311763;46.998753;496.0;14.0;2.0;3.9
=60*60*16+60*38+25.257;8.311763;46.998753;496.0;14.0;2.0;3.0
=60*60*16+60*38+26.207;8.311777;46.99888;497.0;14.0;1.0;3.9
=60*60*16+60*38+26.315;8.311777;46.99888;497.0;14.0;1.0;3.0
=60*60*16+60*38+27.194;8.31178;46.999015;497.0;13.75;1.0;3.9
=60*60*16+60*38+27.247;8.31178;46.999015;497.0;13.75;1.0;3.0
=60*60*16+60*38+28.253;8.31179;46.999142;497.0;13.5;1.0;3.9
=60*60*16+60*38+28.357;8.31179;46.999142;497.0;13.5;1.0;3.0
=60*60*16+60*38+29.198;8.311788;46.999266;497.0;13.25;1.0;3.9
=60*60*16+60*38+29.243;8.311788;46.999266;497.0;13.25;1.0;3.0
=60*60*16+60*38+30.194;8.311792;46.999389;497.0;13.25;1.0;4.0
=60*60*16+60*38+30.356;8.311792;46.999389;497.0;13.25;1.0;4.0
=60*60*16+60*38+31.213;8.311795;46.999508;497.0;13.25;1.0;6.0
=60*60*16+60*38+31.303;8.311795;46.999508;497.0;13.25;1.0;6.0
=60*60*16+60*38+32.212;8.31179;46.999608;496.0;13.0;356.0;4.0
=60*60*16+60*38+32.250;8.31179;46.999608;496.0;13.0;356.0;4.0
=60*60*16+60*38+33.219;8.311764;46.999704;495.0;12.5;356.0;4.0
=60*60*16+60*38+33.251;8.311764;46.999704;495.0;12.5;356.0;4.0
=60*60*16+60*38+34.209;8.311753;46.999815;495.0;12.5;356.0;5.0
=60*60*16+60*38+34.248;8.311753;46.999815;495.0;12.5;356.0;5.0
=60*60*16+60*38+35.209;8.311743;46.99993;496.0;12.5;356.0;6.0
=60*60*16+60*38+35.232;8.311743;46.99993;496.0;12.5;356.0;6.0
=60*60*16+60*38+36.234;8.311663;47.000071;495.0;14.0;349.0;6.0
=60*60*16+60*38+37.228;8.311631;47.000199;496.0;14.25;350.0;5.0
=60*60*16+60*38+37.263;8.311631;47.000199;496.0;14.25;350.0;5.0
=60*60*16+60*38+38.254;8.311596;47.000303;494.0;14.25;348.0;4.0
=60*60*16+60*38+38.291;8.311596;47.000303;494.0;14.25;348.0;4.0
=60*60*16+60*38+39.237;8.311549;47.000451;495.0;14.5;346.0;4.0
=60*60*16+60*38+39.263;8.311549;47.000451;495.0;14.5;346.0;4.0
=60*60*16+60*38+40.228;8.311497;47.00056;496.0;14.25;345.0;4.0
=60*60*16+60*38+40.249;8.311497;47.00056;496.0;14.25;345.0;4.0
=60*60*16+60*38+41.234;8.311449;47.000683;496.0;14.25;345.0;5.0
=60*60*16+60*38+41.272;8.311449;47.000683;496.0;14.25;345.0;5.0
=60*60*16+60*38+43.235;8.311314;47.000913;497.0;14.0;339.0;6.0
=60*60*16+60*38+43.266;8.311314;47.000913;497.0;14.0;339.0;6.0
=60*60*16+60*38+44.238;8.311229;47.001016;497.0;14.25;337.0;4.0
=60*60*16+60*38+44.271;8.311229;47.001016;497.0;14.25;337.0;4.0
=60*60*16+60*38+45.242;8.311152;47.001158;497.0;14.5;335.0;3.9
=60*60*16+60*38+45.261;8.311152;47.001158;497.0;14.5;335.0;3.0
=60*60*16+60*38+46.209;8.311056;47.00129;496.0;15.75;334.0;3.9
=60*60*16+60*38+46.217;8.311056;47.00129;496.0;15.75;334.0;3.0
=60*60*16+60*38+47.220;8.310949;47.001432;496.0;17.0;331.0;3.9
=60*60*16+60*38+47.254;8.310949;47.001432;496.0;17.0;331.0;3.0
=60*60*16+60*38+48.202;8.310833;47.001577;495.0;18.0;329.0;3.9
=60*60*16+60*38+48.280;8.310833;47.001577;495.0;18.0;329.0;3.0
=60*60*16+60*38+49.226;8.310698;47.001724;495.0;18.75;327.0;3.9
=60*60*16+60*38+49.364;8.310698;47.001724;495.0;18.75;327.0;3.0
=60*60*16+60*38+50.222;8.310558;47.001861;495.0;19.25;325.0;3.9
=60*60*16+60*38+50.267;8.310558;47.001861;495.0;19.25;325.0;3.0
=60*60*16+60*38+51.199;8.31041;47.002005;495.0;19.5;323.0;3.9
=60*60*16+60*38+51.264;8.31041;47.002005;495.0;19.5;323.0;3.0
=60*60*16+60*38+52.220;8.310246;47.002146;495.0;20.0;322.0;3.9
=60*60*16+60*38+52.274;8.310246;47.002146;495.0;20.0;322.0;3.0
=60*60*16+60*38+53.200;8.310078;47.00229;494.0;20.25;321.0;3.9
=60*60*16+60*38+53.274;8.310078;47.00229;494.0;20.25;321.0;3.0
=60*60*16+60*38+54.199;8.309904;47.002431;494.0;20.25;320.0;3.9
=60*60*16+60*38+54.296;8.309904;47.002431;494.0;20.25;320.0;3.0
=60*60*16+60*38+55.198;8.309737;47.002563;494.0;19.75;319.0;3.9
=60*60*16+60*38+55.289;8.309737;47.002563;494.0;19.75;319.0;3.0
=60*60*16+60*38+56.197;8.309571;47.002682;493.0;19.0;318.0;3.9
=60*60*16+60*38+56.277;8.309571;47.002682;493.0;19.0;318.0;3.0
=60*60*16+60*38+58.244;8.309254;47.002928;493.0;18.75;319.0;6.0
=60*60*16+60*38+58.258;8.309254;47.002928;493.0;18.75;319.0;6.0
=60*60*16+60*38+59.190;8.309093;47.003041;493.0;17.75;318.0;4.0
=60*60*16+60*38+59.210;8.309093;47.003041;493.0;17.75;318.0;4.0
=60*60*16+60*39+00.274;8.308942;47.003133;493.0;16.75;316.0;4.0
=60*60*16+60*39+00.874;8.308942;47.003133;493.0;16.75;316.0;4.0
=60*60*16+60*39+01.293;8.308805;47.003256;494.0;16.5;316.0;3.9
=60*60*16+60*39+01.479;8.308805;47.003256;494.0;16.5;316.0;3.0
=60*60*16+60*39+02.191;8.308647;47.003361;492.0;17.0;317.0;4.0
=60*60*16+60*39+02.209;8.308647;47.003361;492.0;17.0;317.0;4.0
=60*60*16+60*39+03.195;8.308493;47.003431;491.0;15.75;312.0;5.0
=60*60*16+60*39+03.224;8.308493;47.003431;491.0;15.75;312.0;5.0
=60*60*16+60*39+04.194;8.308341;47.003523;491.0;15.5;312.0;7.0
=60*60*16+60*39+04.224;8.308341;47.003523;491.0;15.5;312.0;7.0
=60*60*16+60*39+11.263;8.30731;47.004159;493.0;15.0;312.0;20.0
=60*60*16+60*39+11.409;8.30731;47.004159;493.0;15.0;312.0;20.0
=60*60*16+60*39+12.198;8.307119;47.004315;494.0;15.0;310.0;9.0
=60*60*16+60*39+12.271;8.307119;47.004315;494.0;15.0;310.0;9.0
=60*60*16+60*39+13.198;8.306978;47.004452;494.0;14.5;307.0;8.0
=60*60*16+60*39+13.272;8.306978;47.004452;494.0;14.5;307.0;8.0
=60*60*16+60*39+14.201;8.306823;47.004512;495.0;14.25;303.0;6.0
=60*60*16+60*39+14.231;8.306823;47.004512;495.0;14.25;303.0;6.0
=60*60*16+60*39+15.210;8.306645;47.004563;495.0;14.0;298.0;6.0
=60*60*16+60*39+15.290;8.306645;47.004563;495.0;14.0;298.0;6.0
=60*60*16+60*39+16.196;8.30648;47.004613;496.0;14.25;297.0;5.0
=60*60*16+60*39+16.262;8.30648;47.004613;496.0;14.25;297.0;5.0
=60*60*16+60*39+17.197;8.306328;47.004672;495.0;14.5;301.0;5.0
=60*60*16+60*39+17.271;8.306328;47.004672;495.0;14.5;301.0;5.0
=60*60*16+60*39+18.687;8.306156;47.004753;495.0;15.0;305.0;5.0
=60*60*16+60*39+18.705;8.306156;47.004753;495.0;15.0;305.0;5.0
=60*60*16+60*39+19.191;8.306009;47.004856;494.0;15.5;313.0;4.0
=60*60*16+60*39+19.205;8.306009;47.004856;494.0;15.5;313.0;4.0
=60*60*16+60*39+20.197;8.305883;47.004912;490.0;15.0;315.0;4.0
=60*60*16+60*39+20.274;8.305883;47.004912;490.0;15.0;315.0;4.0
=60*60*16+60*39+21.197;8.305776;47.005027;490.0;15.75;323.0;3.9
=60*60*16+60*39+21.263;8.305776;47.005027;490.0;15.75;323.0;3.0
=60*60*16+60*39+22.197;8.305662;47.005154;489.0;16.5;329.0;3.9
=60*60*16+60*39+22.272;8.305662;47.005154;489.0;16.5;329.0;3.0
=60*60*16+60*39+23.195;8.305566;47.005293;489.0;16.25;333.0;3.9
=60*60*16+60*39+23.264;8.305566;47.005293;489.0;16.25;333.0;3.0
=60*60*16+60*39+24.197;8.305486;47.005425;490.0;16.0;337.0;3.9
=60*60*16+60*39+24.314;8.305486;47.005425;490.0;16.0;337.0;3.0
=60*60*16+60*39+25.197;8.305417;47.005559;490.0;16.0;339.0;3.9
=60*60*16+60*39+25.272;8.305417;47.005559;490.0;16.0;339.0;3.0
=60*60*16+60*39+26.210;8.305348;47.005703;490.0;16.0;341.0;3.9
=60*60*16+60*39+26.294;8.305348;47.005703;490.0;16.0;341.0;3.0
=60*60*16+60*39+27.193;8.305281;47.005845;490.0;16.0;342.0;3.9
=60*60*16+60*39+27.222;8.305281;47.005845;490.0;16.0;342.0;3.0
=60*60*16+60*39+28.314;8.305222;47.005983;489.0;16.0;344.0;3.9
=60*60*16+60*39+28.323;8.305222;47.005983;489.0;16.0;344.0;3.0
=60*60*16+60*39+29.191;8.30518;47.006115;489.0;15.75;346.0;3.9
=60*60*16+60*39+29.200;8.30518;47.006115;489.0;15.75;346.0;3.0
=60*60*16+60*39+30.196;8.305139;47.006253;489.0;15.75;348.0;3.9
=60*60*16+60*39+30.272;8.305139;47.006253;489.0;15.75;348.0;3.0
=60*60*16+60*39+31.197;8.305114;47.006399;489.0;15.75;350.0;3.9
=60*60*16+60*39+31.270;8.305114;47.006399;489.0;15.75;350.0;3.0
=60*60*16+60*39+32.196;8.305089;47.006536;489.0;15.75;352.0;3.9
=60*60*16+60*39+32.620;8.305089;47.006536;489.0;15.75;352.0;3.0
=60*60*16+60*39+33.197;8.305071;47.006672;489.0;15.75;354.0;3.9
=60*60*16+60*39+33.272;8.305071;47.006672;489.0;15.75;354.0;3.0
=60*60*16+60*39+34.197;8.305058;47.006819;489.0;15.75;356.0;3.9
=60*60*16+60*39+34.276;8.305058;47.006819;489.0;15.75;356.0;3.0
=60*60*16+60*39+35.197;8.305054;47.00696;489.0;15.75;358.0;3.9
=60*60*16+60*39+35.272;8.305054;47.00696;489.0;15.75;358.0;3.0
=60*60*16+60*39+36.193;8.305056;47.007115;489.0;15.5;359.0;3.9
=60*60*16+60*39+36.223;8.305056;47.007115;489.0;15.5;359.0;3.0
=60*60*16+60*39+37.197;8.305056;47.007246;489.0;15.0;0.0;3.9
=60*60*16+60*39+37.271;8.305056;47.007246;489.0;15.0;0.0;3.0
=60*60*16+60*39+38.212;8.305065;47.007377;489.0;14.25;1.0;3.9
=60*60*16+60*39+38.292;8.305065;47.007377;489.0;14.25;1.0;3.0
=60*60*16+60*39+39.211;8.30507;47.007503;490.0;13.75;1.0;3.9
=60*60*16+60*39+39.293;8.30507;47.007503;490.0;13.75;1.0;3.0
=60*60*16+60*39+40.212;8.305076;47.007619;490.0;13.0;1.0;3.9
=60*60*16+60*39+40.363;8.305076;47.007619;490.0;13.0;1.0;3.0
=60*60*16+60*39+41.213;8.305071;47.007726;491.0;12.25;359.0;3.9
=60*60*16+60*39+41.284;8.305071;47.007726;491.0;12.25;359.0;3.0
=60*60*16+60*39+42.200;8.305053;47.007828;491.0;11.25;353.0;3.9
=60*60*16+60*39+42.285;8.305053;47.007828;491.0;11.25;353.0;3.0
=60*60*16+60*39+43.197;8.305016;47.007916;491.0;9.75;343.0;3.9
=60*60*16+60*39+44.240;8.30498;47.007999;491.0;9.5;344.0;3.0
=60*60*16+60*39+45.195;8.304966;47.008082;491.0;8.75;349.0;3.9
=60*60*16+60*39+46.218;8.304945;47.008159;491.0;8.75;349.0;4.0
=60*60*16+60*39+47.208;8.304923;47.00824;491.0;8.75;349.0;6.0
=60*60*16+60*39+47.790;8.304923;47.00824;491.0;8.75;349.0;6.0
=60*60*16+60*39+48.193;8.304965;47.008328;491.0;10.0;9.0;6.0
=60*60*16+60*39+48.223;8.304965;47.008328;491.0;10.0;9.0;6.0
=60*60*16+60*39+49.233;8.304989;47.008421;492.0;10.25;10.0;4.0
=60*60*16+60*39+50.194;8.30499;47.008518;492.0;11.25;0.0;5.0
=60*60*16+60*39+50.223;8.30499;47.008518;492.0;11.25;0.0;5.0
=60*60*16+60*39+51.197;8.304948;47.008614;492.0;12.0;348.0;4.0
=60*60*16+60*39+51.275;8.304948;47.008614;492.0;12.0;348.0;4.0
=60*60*16+60*39+52.197;8.304912;47.008719;491.0;13.0;343.0;4.0
=60*60*16+60*39+52.272;8.304912;47.008719;491.0;13.0;343.0;4.0
=60*60*16+60*39+53.197;8.304862;47.008845;492.0;14.25;343.0;4.0
=60*60*16+60*39+53.273;8.304862;47.008845;492.0;14.25;343.0;4.0
=60*60*16+60*39+54.198;8.304805;47.008966;493.0;14.75;343.0;4.0
=60*60*16+60*39+54.578;8.304805;47.008966;493.0;14.75;343.0;4.0
=60*60*16+60*39+55.198;8.304747;47.009103;492.0;15.5;343.0;4.0
=60*60*16+60*39+55.274;8.304747;47.009103;492.0;15.5;343.0;4.0
=60*60*16+60*39+56.208;8.304693;47.009247;492.0;15.75;344.0;3.9
=60*60*16+60*39+56.288;8.304693;47.009247;492.0;15.75;344.0;3.0
=60*60*16+60*39+57.191;8.304642;47.009376;492.0;15.75;346.0;3.9
=60*60*16+60*39+57.200;8.304642;47.009376;492.0;15.75;346.0;3.0
=60*60*16+60*39+58.196;8.304607;47.009513;492.0;16.25;347.0;4.0
=60*60*16+60*39+58.377;8.304607;47.009513;492.0;16.25;347.0;4.0
=60*60*16+60*39+59.200;8.304558;47.009661;491.0;16.75;345.0;4.0
=60*60*16+60*39+59.252;8.304558;47.009661;491.0;16.75;345.0;4.0
=60*60*16+60*40+00.199;8.304497;47.009805;492.0;16.5;343.0;4.0
=60*60*16+60*40+00.264;8.304497;47.009805;492.0;16.5;343.0;4.0
=60*60*16+60*40+01.194;8.304436;47.009935;491.0;16.25;343.0;3.9
=60*60*16+60*40+01.244;8.304436;47.009935;491.0;16.25;343.0;3.0
=60*60*16+60*40+02.199;8.304368;47.010057;491.0;15.25;341.0;4.0
=60*60*16+60*40+02.243;8.304368;47.010057;491.0;15.25;341.0;4.0
=60*60*16+60*40+03.197;8.304312;47.010201;491.0;15.0;343.0;4.0
=60*60*16+60*40+03.285;8.304312;47.010201;491.0;15.0;343.0;4.0
=60*60*16+60*40+04.191;8.30426;47.010332;490.0;14.25;343.0;3.9
=60*60*16+60*40+04.202;8.30426;47.010332;490.0;14.25;343.0;3.0
=60*60*16+60*40+05.211;8.30421;47.010451;491.0;13.5;344.0;3.9
=60*60*16+60*40+05.256;8.30421;47.010451;491.0;13.5;344.0;3.0
=60*60*16+60*40+06.197;8.304168;47.01057;491.0;13.0;344.0;4.0
=60*60*16+60*40+06.258;8.304168;47.01057;491.0;13.0;344.0;4.0
=60*60*16+60*40+07.198;8.304125;47.010667;490.0;12.25;344.0;4.0
=60*60*16+60*40+07.250;8.304125;47.010667;490.0;12.25;344.0;4.0
=60*60*16+60*40+08.200;8.304083;47.010769;491.0;11.75;345.0;5.0
=60*60*16+60*40+08.251;8.304083;47.010769;491.0;11.75;345.0;5.0
=60*60*16+60*40+09.212;8.304049;47.010857;491.0;10.75;348.0;7.0
=60*60*16+60*40+11.252;8.303995;47.010935;492.0;5.5;348.0;7.0
=60*60*16+60*40+12.200;8.304003;47.010979;491.0;2.75;345.0;6.0
=60*60*16+60*40+16.271;8.303964;47.011061;494.0;3.0;346.0;8.0
=60*60*16+60*40+17.190;8.30399;47.011113;494.0;4.0;10.0;7.0
=60*60*16+60*40+19.194;8.304083;47.011157;493.0;5.25;58.0;6.0
=60*60*16+60*40+20.196;8.304159;47.011166;493.0;6.0;76.0;5.0
=60*60*16+60*40+21.219;8.304245;47.011169;492.0;6.75;84.0;5.0
=60*60*16+60*40+22.215;8.304343;47.011171;492.0;7.5;88.0;4.0
=60*60*16+60*40+23.249;8.30445;47.011171;491.0;7.75;89.0;4.0
=60*60*16+60*40+24.192;8.304554;47.011174;491.0;7.75;90.0;4.0
=60*60*16+60*40+25.277;8.304656;47.011177;491.0;7.75;90.0;4.0
=60*60*16+60*40+26.208;8.304754;47.011177;490.0;7.5;90.0;4.0
=60*60*16+60*40+27.281;8.304842;47.011172;490.0;6.5;93.0;4.0
=60*60*16+60*40+28.195;8.304907;47.011167;489.0;5.25;94.0;4.0
=60*60*16+60*40+30.265;8.305028;47.011154;489.0;5.0;103.0;4.0
=60*60*16+60*40+31.198;8.30509;47.011145;488.0;4.75;100.0;3.9
=60*60*16+60*40+33.276;8.305208;47.011178;488.0;4.75;58.0;3.0
=60*60*16+60*40+34.215;8.305236;47.011213;488.0;5.0;30.0;3.9
=60*60*16+60*40+35.268;8.305244;47.011269;490.0;5.5;4.0;3.0
=60*60*16+60*40+36.203;8.305235;47.01133;491.0;6.5;348.0;3.9
=60*60*16+60*40+37.264;8.305224;47.011402;491.0;7.5;351.0;3.0
=60*60*16+60*40+38.213;8.305199;47.011477;491.0;8.25;351.0;3.9
=60*60*16+60*40+39.254;8.305188;47.011557;492.0;8.0;351.0;3.0
=60*60*16+60*40+40.191;8.305172;47.011628;492.0;8.0;351.0;4.0
=60*60*16+60*40+41.348;8.305156;47.011699;492.0;8.0;351.0;4.0
=60*60*16+60*40+42.208;8.305155;47.011786;494.0;8.75;355.0;5.0
=60*60*16+60*40+43.301;8.305147;47.011856;494.0;8.25;356.0;5.0
=60*60*16+60*40+44.208;8.305138;47.011925;495.0;8.0;357.0;4.0
=60*60*16+60*40+45.201;8.305138;47.011963;495.0;8.25;357.0;4.0
=60*60*16+60*40+46.198;8.305133;47.012038;495.0;8.25;357.0;6.0
=60*60*16+60*40+47.239;8.305129;47.012112;495.0;8.25;357.0;8.0
=60*60*16+60*40+48.198;8.305101;47.01216;495.0;7.5;353.0;7.0
=60*60*16+60*40+48.246;8.305101;47.01216;495.0;7.5;353.0;7.0
=60*60*16+60*40+49.196;8.305102;47.012252;497.0;9.25;356.0;6.0
=60*60*16+60*40+49.257;8.305102;47.012252;497.0;9.25;356.0;6.0
=60*60*16+60*40+50.199;8.305098;47.012342;498.0;9.0;355.0;5.0
=60*60*16+60*40+51.257;8.305096;47.012416;498.0;8.75;355.0;5.0
=60*60*16+60*40+52.213;8.305079;47.012491;499.0;9.5;356.0;5.0
=60*60*16+60*40+53.251;8.305073;47.012568;499.0;9.5;0.0;4.0
=60*60*16+60*40+54.215;8.305076;47.012659;499.0;10.0;0.0;4.0
=60*60*16+60*40+54.271;8.305076;47.012659;499.0;10.0;0.0;4.0
=60*60*16+60*40+55.201;8.305075;47.012764;498.0;10.25;355.0;4.0
=60*60*16+60*40+55.277;8.305075;47.012764;498.0;10.25;355.0;4.0
=60*60*16+60*40+56.199;8.305051;47.012862;499.0;10.5;352.0;4.0
=60*60*16+60*40+56.259;8.305051;47.012862;499.0;10.5;352.0;4.0
=60*60*16+60*40+57.190;8.305024;47.012955;498.0;10.75;348.0;4.0
=60*60*16+60*40+57.207;8.305024;47.012955;498.0;10.75;348.0;4.0
=60*60*16+60*40+58.192;8.304994;47.01305;494.0;10.75;348.0;3.9
=60*60*16+60*40+58.222;8.304994;47.01305;494.0;10.75;348.0;3.0
=60*60*16+60*40+59.196;8.304969;47.013149;495.0;11.0;351.0;4.0
=60*60*16+60*40+59.768;8.304969;47.013149;495.0;11.0;351.0;4.0
=60*60*16+60*41+00.227;8.304943;47.013248;496.0;11.0;352.0;3.9
=60*60*16+60*41+00.256;8.304943;47.013248;496.0;11.0;352.0;3.0
=60*60*16+60*41+01.195;8.304929;47.013342;497.0;11.0;353.0;4.0
=60*60*16+60*41+01.233;8.304929;47.013342;497.0;11.0;353.0;4.0
=60*60*16+60*41+02.292;8.304915;47.013438;498.0;11.0;354.0;4.0
=60*60*16+60*41+02.333;8.304915;47.013438;498.0;11.0;354.0;4.0
=60*60*16+60*41+03.191;8.304907;47.013534;497.0;10.5;355.0;4.0
=60*60*16+60*41+03.207;8.304907;47.013534;497.0;10.5;355.0;4.0
=60*60*16+60*41+04.190;8.304897;47.013628;497.0;10.5;355.0;6.0
=60*60*16+60*41+04.204;8.304897;47.013628;497.0;10.5;355.0;6.0
=60*60*16+60*41+05.196;8.304873;47.013737;498.0;10.75;352.0;6.0
=60*60*16+60*41+05.772;8.304873;47.013737;498.0;10.75;352.0;6.0
=60*60*16+60*41+06.211;8.304869;47.01383;498.0;10.5;353.0;5.0
=60*60*16+60*41+07.247;8.304842;47.013909;498.0;10.25;349.0;5.0
=60*60*16+60*41+08.197;8.304819;47.013998;500.0;10.25;348.0;5.0
=60*60*16+60*41+09.239;8.304789;47.01408;500.0;10.25;347.0;5.0
=60*60*16+60*41+10.336;8.304755;47.014168;501.0;9.75;345.0;5.0
=60*60*16+60*41+11.240;8.30471;47.014251;503.0;8.75;343.0;5.0
=60*60*16+60*41+12.197;8.304687;47.014341;505.0;8.25;346.0;5.0
=60*60*16+60*41+13.248;8.304668;47.014403;504.0;7.25;347.0;5.0
=60*60*16+60*41+14.197;8.304656;47.014463;503.0;6.25;348.0;5.0
=60*60*16+60*41+16.215;8.304637;47.014535;503.0;3.75;347.0;6.0
=60*60*16+60*41+17.197;8.304638;47.01456;503.0;2.75;0.0;6.0
=60*60*16+60*41+23.254;8.304727;47.014593;503.0;3.0;77.0;5.0
=60*60*16+60*41+24.196;8.304797;47.014604;501.0;4.75;80.0;4.0
=60*60*16+60*41+26.279;8.304924;47.014618;501.0;4.75;80.0;6.0
=60*60*16+60*41+27.194;8.305062;47.014633;498.0;7.5;80.0;7.0
=60*60*16+60*41+27.267;8.305062;47.014633;498.0;7.5;80.0;7.0
=60*60*16+60*41+28.198;8.305185;47.014665;497.0;8.0;77.0;6.0
=60*60*16+60*41+29.227;8.305291;47.014681;497.0;8.0;76.0;6.0
=60*60*16+60*41+30.196;8.305398;47.014668;493.0;7.5;78.0;6.0
=60*60*16+60*41+32.257;8.305523;47.014683;493.0;5.0;83.0;8.0
=60*60*16+60*41+33.248;8.305575;47.014701;491.0;4.5;77.0;7.0
=60*60*16+60*41+35.202;8.305674;47.014713;492.0;3.25;78.0;5.0
=60*60*16+60*41+36.211;8.305727;47.014705;493.0;3.25;81.0;5.0
=60*60*16+60*41+40.254;8.305853;47.014728;493.0;0.5;71.0;5.0
=60*60*16+60*41+41.202;8.305857;47.014725;493.0;0.0;0;5.0
=60*60*16+60*41+56.261;8.305739;47.014687;491.0;0.5;252.0;3.0
=60*60*16+60*41+57.211;8.305735;47.014684;491.0;0.5;252.0;4.0
=60*60*16+60*42+23.481;8.305733;47.014626;493.0;0.0;0;4.0
